<?xml version="1.0" encoding="UTF-8"?>
<beans xmlns="http://www.springframework.org/schema/beans"
xmlns:context="http://www.springframework.org/schema/context"
xmlns:xsi="http://www.w3.org/2001/XMLSchema-instance"
xmlns:p="http://www.springframework.org/schema/p"
xmlns:aop="http://www.springframework.org/schema/aop"
xmlns:tx="http://www.springframework.org/schema/tx"
xsi:schemaLocation="http://www.springframework.org/schema/beans 
http://www.springframework.org/schema/beans/spring-beans.xsd
http://www.springframework.org/schema/context 
http://www.springframework.org/schema/context/spring-context.xsd
http://www.springframework.org/schema/tx
http://www.springframework.org/schema/tx/spring-tx.xsd
http://www.springframework.org/schema/aop
http://www.springframework.org/schema/aop/spring-aop.xsd"
default-autowire="byType"> 
 <!-- 连接池 -->
 <bean id="ds" class="com.mchange.v2.c3p0.ComboPooledDataSource"  
    destroy-method="close" autowire="no">  
    <property name="driverClass" value="com.mysql.jdbc.Driver" />  
    <property name="jdbcUrl"  
        value="jdbc:mysql://localhost:3306/dragonjobs?useUnicode=true&amp;characterEncoding=UTF-8" />  
    <property name="user" value="root" />  
    <property name="password" value="123"  />  
</bean>  

<!-- SessionFactory -->
 <bean id="sf"
		class="org.springframework.orm.hibernate3.LocalSessionFactoryBean" autowire="no">
		<property name="dataSource" ref="ds"></property>
		<property name="hibernateProperties" >
			<props>
				<prop key="hibernate.dialect">
					org.hibernate.dialect.MySQLDialect
				</prop>
				<prop key="hibernate.show_sql"> true </prop>
				<prop key="hibernate.format_sql"> true</prop>
			</props>
		</property>
			<property name="mappingLocations">
				<list>
					<value>classpath:entity/*.hbm.xml</value>
				</list>
		   </property>
	</bean>
 <!-- 事物 -->
	<bean id="txManager"  
		class="org.springframework.orm.hibernate3.HibernateTransactionManager">
		<property name="sessionFactory" ref="sf" />
	</bean>
	<tx:advice id="txAdvice" transaction-manager="txManager">
	    <tx:attributes> 	 
		 <tx:method name="add*" propagation="REQUIRED" /> 
		 <tx:method name="up*" propagation="REQUIRED" />
		 <tx:method name="del*" propagation="REQUIRED" />
		 <tx:method name="*" propagation="REQUIRED" read-only="true" />
		</tx:attributes>
	</tx:advice> 
	<aop:config>
		<aop:pointcut id="cut" 
			expression="execution(* biz..*.*(..))" />
		<aop:advisor advice-ref="txAdvice" pointcut-ref="cut" />
		
	</aop:config> 
<!--Dao-->
 <bean id="rateDao" class="dao.impl.RateCompanyDaoImpl"></bean>
 <bean id="userDao" class="dao.impl.UserDaoImpl"></bean>

 </beans>