<?xml version="1.0"?>
<!DOCTYPE hibernate-mapping PUBLIC "-//Hibernate/Hibernate Mapping DTD 3.0//EN"
"http://hibernate.sourceforge.net/hibernate-mapping-3.0.dtd">
<!-- Generated 2016-2-29 22:03:11 by Hibernate Tools 3.4.0.CR1 -->
<hibernate-mapping>
    <class name="entity.Ratejob" table="ratejob" catalog="dragonjobs">
        <id name="id" type="java.lang.Integer">
            <column name="ID" />
            <generator class="native" />
        </id>
        <many-to-one name="users" class="entity.Users" fetch="select">
            <column name="UserID" />
        </many-to-one>
        <property name="name" type="string">
            <column name="Name" length="20" />
        </property>
        <property name="position" type="string">
            <column name="Position" length="20" />
        </property>
        <property name="salary" type="string">
            <column name="Salary" length="20" />
        </property>
        <property name="location" type="string">
            <column name="Location" length="20" />
        </property>
        <property name="skills" type="string">
            <column name="Skills" length="80" />
        </property>
        <property name="interviewProcess" type="string">
            <column name="InterviewProcess" length="65535" />
        </property>
        <property name="jobDescription" type="string">
            <column name="JobDescription" length="65535" />
        </property>
        <property name="photo1" type="binary">
            <column name="Photo1" />
        </property>
        <property name="photo2" type="binary">
            <column name="Photo2" />
        </property>
        <property name="photo3" type="binary">
            <column name="Photo3" />
        </property>
    </class>
</hibernate-mapping>
