<?xml version="1.0"?>
<!DOCTYPE hibernate-mapping PUBLIC "-//Hibernate/Hibernate Mapping DTD 3.0//EN"
"http://hibernate.sourceforge.net/hibernate-mapping-3.0.dtd">
<!-- Generated 2016-2-29 22:03:11 by Hibernate Tools 3.4.0.CR1 -->
<hibernate-mapping>
    <class name="entity.Users" table="users" catalog="dragonjobs">
        <id name="id" type="java.lang.Integer">
            <column name="ID" />
            <generator class="native" />
        </id>
        <property name="idname" type="string">
            <column name="IDName" length="20" not-null="true" />
        </property>
        <property name="password" type="string">
            <column name="Password" length="20" not-null="true" />
        </property>
        <property name="photo" type="binary">
            <column name="Photo" />
        </property>
        <set name="ratejobs" table="ratejob" inverse="true" lazy="true" fetch="select">
            <key>
                <column name="UserID" />
            </key>
            <one-to-many class="entity.Ratejob" />
        </set>
    </class>
</hibernate-mapping>
