<?xml version="1.0" encoding="UTF-8"?>
<!DOCTYPE hibernate-configuration PUBLIC
		"-//Hibernate/Hibernate Configuration DTD 3.0//EN"
		"http://hibernate.sourceforge.net/hibernate-configuration-3.0.dtd">
<hibernate-configuration>
    <session-factory>
        <property name="hibernate.connection.driver_class">com.mysql.jdbc.Driver</property>
        <property name="hibernate.connection.password">123</property>
        <property name="hibernate.connection.url">jdbc:mysql://localhost:3306/dragonjobs</property>
        <property name="hibernate.connection.username">root</property>
        <property name="hibernate.default_schema">ROOT</property>
        <property name="hibernate.dialect">org.hibernate.dialect.MySQLDialect</property>
        
         <property name="hibernate.connection.url">
        <![CDATA[
            jdbc:mysql://localhost:3306/dragonjobs?useUnicode=true&characterEncoding=UTF-8           
        ]]>
 		</property>
    	<property name="hibernate.show_sql" >true</property>
    	<property name="hibernate.format_sql" >true</property>
    	<mapping resource="entity/Users.hbm.xml" />
    	<mapping resource="entity/Ratejob.hbm.xml" /> 
    </session-factory>
</hibernate-configuration>
