<?xml version="1.0" encoding="UTF-8"?>
<!DOCTYPE struts PUBLIC
    "-//Apache Software Foundation//DTD Struts Configuration 2.0//EN" "http://struts.apache.org/dtds/struts-2.0.dtd">
<struts>
	<constant name="struts.i18n.encoding" value="utf-8" />
	<package name="default"   namespace="/"   extends="struts-default">
		
		<!--储存要评价的公司名字 -->
		<action name="rate" class="action.RateCompanyAction" method="getCompanyName">
			<result name="rateCompanyName">login.jsp</result>
		</action>
		
		<!--检查登录名是否存在-->
		<action name="checkName" class="user" method="checkName">
			<result name="success">checkSuccess.jsp</result>
			<result name="noUser">checkName.jsp</result>
		</action>
		
		<!--检查登录名是否存在-->
		<action name="register" class="user" method="register">
			<result name="success">registerSuccess.jsp</result>
			<result name="fail">registerFail.jsp</result>
		</action>
		
		<!--登录-->
		<action name="login" class="user" method="login">
			<result name="success">RateJob.jsp</result>
			<result name="fail">login.jsp</result>
		</action>
		
		<!--不上传照片评论 -->
		<action name="ratejob" class="company" method="rateJob">
			<result name="success">home.jsp</result>
		</action>
		
		<!--上传照片前的跳转 -->
		<action name="jump" class="company" method="jump">
			<result name="success">uploadPhotos.jsp</result>
			<result name="fail">login.jsp</result>
		</action>
		
		<!--成功上传照片并跳转到已评论页面  -->
		<action name="upload" class="company" method="uploadPhoto">
			<result name="UploadSucc">findjob.jsp</result>
		</action>
		
		<!--根据条件查找公司、工作 -->
		<action name="findjob" class="company" method="findJob">
			<result name="success">findjob.jsp</result>
			<result name="fail">home.jsp</result>
		</action>
		<!--显示照片1、2、3-->
		<action name="singlePhoto1" class="company" method="querySinglePhoto">
			<result name="success">findjob.jsp</result>
		</action>
		<action name="singlePhoto2" class="company" method="querySinglePhoto2">
			<result name="success">findjob.jsp</result>
		</action>
		<action name="singlePhoto3" class="company" method="querySinglePhoto3">
			<result name="success">findjob.jsp</result>	
		</action>
		
		<!--输入字符自动出下拉框-->
		<action name="findCombyName" class="company" method="findCombyName">
		   <result name="success">showName.jsp</result>
		</action>
		<!--select-->
		<action name="findOption" class="company" method="findPosition">
		   <result name="success">option.jsp</result>
		</action>
		<!--分页 -->
		<action name="please" class="action.RateCompanyAction" method="suc">
		   <result name="success">findjobJump.jsp</result>
		</action>
	</package>
</struts>